{
    "bead_interaction_matrix": [
        [
            -4.4825, 
            -4.848333333333334, 
            -5.618333333333333, 
            -3.5124999999999997, 
            -2.978333333333333, 
            -2.5175
        ], 
        [
            -4.848333333333334, 
            -5.346666666666668, 
            -6.21, 
            -3.89, 
            -3.279444444444444, 
            -2.745833333333333
        ], 
        [
            -5.618333333333333, 
            -6.21, 
            -7.054444444444444, 
            -4.624999999999999, 
            -3.9911111111111115, 
            -3.4116666666666657
        ], 
        [
            -3.5124999999999997, 
            -3.89, 
            -4.625, 
            -2.6475, 
            -2.1216666666666666, 
            -1.7825000000000002
        ], 
        [
            -2.978333333333333, 
            -3.2794444444444446, 
            -3.9911111111111115, 
            -2.1216666666666666, 
            -1.786388888888889, 
            -1.4970833333333335
        ], 
        [
            -2.5175, 
            -2.745833333333333, 
            -3.4116666666666666, 
            -1.7825, 
            -1.4970833333333333, 
            -1.3575
        ]
    ], 
    "epsilon": 0.25571764485246007, 
    "computation_time": -465.2061080932617, 
    "interaction_matrix": "MJ96", 
    "bead_target": 6, 
    "scheme": "CY MVW FIL AH GPQRST DEKN"
}