{
    "bead_interaction_matrix": [
        [
            -4.4825, 
            -4.848333333333334, 
            -5.74, 
            -5.375, 
            -3.5124999999999997, 
            -3.091666666666667, 
            -2.8175, 
            -2.5599999999999996, 
            -2.275
        ], 
        [
            -4.848333333333334, 
            -5.346666666666668, 
            -6.34, 
            -5.95, 
            -3.89, 
            -3.431111111111111, 
            -3.0833333333333335, 
            -2.7399999999999998, 
            -2.5533333333333332
        ], 
        [
            -5.74, 
            -6.34, 
            -7.2975, 
            -6.9399999999999995, 
            -4.757499999999999, 
            -4.226666666666667, 
            -3.9475, 
            -3.5075, 
            -3.365
        ], 
        [
            -5.375, 
            -5.95, 
            -6.9399999999999995, 
            -6.54, 
            -4.359999999999999, 
            -3.856666666666667, 
            -3.5149999999999997, 
            -3.2199999999999998, 
            -3.01
        ], 
        [
            -3.5124999999999997, 
            -3.89, 
            -4.757499999999999, 
            -4.359999999999999, 
            -2.6475, 
            -2.2466666666666666, 
            -1.9874999999999998, 
            -1.92, 
            -1.33
        ], 
        [
            -3.091666666666667, 
            -3.431111111111111, 
            -4.226666666666667, 
            -3.856666666666667, 
            -2.2466666666666666, 
            -1.9788888888888887, 
            -1.7591666666666665, 
            -1.4900000000000002, 
            -1.1433333333333333
        ], 
        [
            -2.8175, 
            -3.0833333333333335, 
            -3.9475, 
            -3.5149999999999997, 
            -1.9874999999999998, 
            -1.7591666666666663, 
            -1.6324999999999998, 
            -1.7175, 
            -1.035
        ], 
        [
            -2.5599999999999996, 
            -2.7399999999999998, 
            -3.5075, 
            -3.2199999999999998, 
            -1.92, 
            -1.4900000000000002, 
            -1.7174999999999998, 
            -1.04, 
            -1.74
        ], 
        [
            -2.275, 
            -2.5533333333333332, 
            -3.365, 
            -3.01, 
            -1.33, 
            -1.1433333333333333, 
            -1.035, 
            -1.74, 
            -0.12
        ]
    ], 
    "epsilon": 0.17196892887960896, 
    "computation_time": -1877.8550910949707, 
    "interaction_matrix": "MJ96", 
    "bead_target": 9, 
    "scheme": "CY MVW FL I AH GPT NQRS DE K"
}