{
    "bead_interaction_matrix": [
        [
            -4.4825, 
            -4.848333333333334, 
            -5.618333333333333, 
            -3.5124999999999997, 
            -2.978333333333333, 
            -2.598333333333333, 
            -2.275
        ], 
        [
            -4.848333333333334, 
            -5.346666666666668, 
            -6.21, 
            -3.89, 
            -3.279444444444444, 
            -2.81, 
            -2.5533333333333332
        ], 
        [
            -5.618333333333333, 
            -6.21, 
            -7.054444444444444, 
            -4.624999999999999, 
            -3.9911111111111115, 
            -3.466666666666667, 
            -3.246666666666666
        ], 
        [
            -3.5124999999999997, 
            -3.89, 
            -4.625, 
            -2.6475, 
            -2.1216666666666666, 
            -1.9333333333333333, 
            -1.33
        ], 
        [
            -2.978333333333333, 
            -3.2794444444444446, 
            -3.9911111111111115, 
            -2.1216666666666666, 
            -1.786388888888889, 
            -1.642777777777778, 
            -1.0599999999999998
        ], 
        [
            -2.598333333333333, 
            -2.81, 
            -3.466666666666667, 
            -1.9333333333333333, 
            -1.642777777777778, 
            -1.3577777777777778, 
            -1.5633333333333332
        ], 
        [
            -2.275, 
            -2.5533333333333332, 
            -3.246666666666666, 
            -1.33, 
            -1.0599999999999998, 
            -1.5633333333333332, 
            -0.12
        ]
    ], 
    "epsilon": 0.22019541510515914, 
    "computation_time": -1167.428717136383, 
    "interaction_matrix": "MJ96", 
    "bead_target": 7, 
    "scheme": "CY MVW FIL AH GPQRST DEN K"
}