{
    "bead_interaction_matrix": [
        [
            -4.9692, 
            -5.973333333333333, 
            -3.739, 
            -3.1590000000000003, 
            -2.6544999999999996
        ], 
        [
            -5.973333333333334, 
            -7.054444444444444, 
            -4.624999999999999, 
            -3.9911111111111115, 
            -3.4116666666666657
        ], 
        [
            -3.739, 
            -4.625, 
            -2.6475, 
            -2.1216666666666666, 
            -1.7825000000000002
        ], 
        [
            -3.1589999999999994, 
            -3.9911111111111115, 
            -2.1216666666666666, 
            -1.786388888888889, 
            -1.4970833333333335
        ], 
        [
            -2.6544999999999996, 
            -3.4116666666666666, 
            -1.7825, 
            -1.4970833333333333, 
            -1.3575
        ]
    ], 
    "epsilon": 0.28970848422739254, 
    "computation_time": -149.347904920578, 
    "interaction_matrix": "MJ96", 
    "bead_target": 5, 
    "scheme": "CMVWY FIL AH GPQRST DEKN"
}