{
    "bead_interaction_matrix": [
        [
            -4.9692, 
            -5.973333333333333, 
            -3.4728, 
            -2.8122857142857143
        ], 
        [
            -5.973333333333334, 
            -7.054444444444444, 
            -4.311999999999999, 
            -3.6119047619047624
        ], 
        [
            -3.4728000000000003, 
            -4.311999999999999, 
            -2.2144, 
            -1.7062857142857142
        ], 
        [
            -2.8122857142857143, 
            -3.6119047619047624, 
            -1.7062857142857144, 
            -1.4922448979591838
        ]
    ], 
    "epsilon": 0.33260541990694303, 
    "computation_time": -33.75893998146057, 
    "interaction_matrix": "MJ96", 
    "bead_target": 4, 
    "scheme": "CMVWY FIL AGHPT DEKNQRS"
}