{
    "bead_interaction_matrix": [
        [
            -4.4825, 
            -4.848333333333334, 
            -5.74, 
            -5.375, 
            -3.5124999999999997, 
            -2.978333333333333, 
            -2.598333333333333, 
            -2.275
        ], 
        [
            -4.848333333333334, 
            -5.346666666666668, 
            -6.34, 
            -5.95, 
            -3.89, 
            -3.279444444444444, 
            -2.81, 
            -2.5533333333333332
        ], 
        [
            -5.74, 
            -6.34, 
            -7.2975, 
            -6.9399999999999995, 
            -4.757499999999999, 
            -4.1208333333333345, 
            -3.5866666666666664, 
            -3.365
        ], 
        [
            -5.375, 
            -5.95, 
            -6.9399999999999995, 
            -6.54, 
            -4.359999999999999, 
            -3.731666666666667, 
            -3.2266666666666666, 
            -3.01
        ], 
        [
            -3.5124999999999997, 
            -3.89, 
            -4.757499999999999, 
            -4.359999999999999, 
            -2.6475, 
            -2.1216666666666666, 
            -1.9333333333333333, 
            -1.33
        ], 
        [
            -2.978333333333333, 
            -3.2794444444444446, 
            -4.120833333333333, 
            -3.731666666666667, 
            -2.1216666666666666, 
            -1.786388888888889, 
            -1.642777777777778, 
            -1.0599999999999998
        ], 
        [
            -2.598333333333333, 
            -2.81, 
            -3.5866666666666664, 
            -3.2266666666666666, 
            -1.9333333333333333, 
            -1.642777777777778, 
            -1.3577777777777778, 
            -1.5633333333333332
        ], 
        [
            -2.275, 
            -2.5533333333333332, 
            -3.365, 
            -3.01, 
            -1.33, 
            -1.0599999999999998, 
            -1.5633333333333332, 
            -0.12
        ]
    ], 
    "epsilon": 0.19721818853465034, 
    "computation_time": -1630.6894459724426, 
    "interaction_matrix": "MJ96", 
    "bead_target": 8, 
    "scheme": "CY MVW FL I AH GPQRST DEN K"
}