{
    "bead_interaction_matrix": [
        [
            -4.9692, 
            -5.973333333333333, 
            -3.0875
        ], 
        [
            -5.973333333333334, 
            -7.054444444444444, 
            -3.903611111111111
        ], 
        [
            -3.0874999999999995, 
            -3.9036111111111103, 
            -1.7216666666666667
        ]
    ], 
    "epsilon": 0.4307493006378536, 
    "computation_time": -9.355254173278809, 
    "interaction_matrix": "MJ96", 
    "bead_target": 3, 
    "scheme": "CMVWY FIL ADEGHKNPQRST"
}