{
    "bead_interaction_matrix": [
        [
            1.075, 
            0.6444444444444444, 
            -0.02499999999999999, 
            0.21666666666666667
        ], 
        [
            0.6444444444444445, 
            0.10864197530864199, 
            -0.3388888888888888, 
            0.19259259259259257
        ], 
        [
            -0.024999999999999998, 
            -0.33888888888888885, 
            -1.213888888888889, 
            -0.8111111111111111
        ], 
        [
            0.21666666666666665, 
            0.1925925925925926, 
            -0.8111111111111111, 
            -1.011111111111111
        ]
    ], 
    "epsilon": 0.26750331715954107, 
    "computation_time": -3350.7899181842804, 
    "interaction_matrix": "SJKG", 
    "bead_target": 4, 
    "scheme": "AG DEKNPQRST CFHMWY ILV"
}