{
    "bead_interaction_matrix": [
        [
            0.4456790123456789, 
            -0.23999999999999996, 
            0.12037037037037036
        ], 
        [
            -0.24000000000000002, 
            -1.3, 
            -0.8199999999999998
        ], 
        [
            0.12037037037037035, 
            -0.82, 
            -0.43611111111111106
        ]
    ], 
    "epsilon": 0.3073728533681111, 
    "computation_time": -428.0347800254822, 
    "interaction_matrix": "SJKG", 
    "bead_target": 3, 
    "scheme": "ADEGKNPST CFMWY HILQRV"
}